name,description,image_url,file_name
Milka Alpenmilch,"je 250-g-Tafel, (1 kg = 11,96 €)",https://shop.rewe-static.de/content-offer-renderer/cdbfa05d8cbaa9b9a2b9cce8441fe85d144a2252/img/loyalty-icon.svg,2663ce16-8dab-49c1-9518-0c249249c8e7
Barilla Pesto,"Rosso, je 200-g-Glas, (1 kg = 9,95 €)",https://shop.rewe-static.de/content-offer-renderer/cdbfa05d8cbaa9b9a2b9cce8441fe85d144a2252/img/loyalty-icon.svg,e7bb42bf-f2a3-438b-8991-56105c4c7e15
Haribo Goldbären,"je 175-g-Btl., (1 kg = 3,94 €)",https://img.rewe-static.de/REWE_DORTMUND27_2026/7772669/36839491-131_digital-image.png?impolicy=s-offers&imwidth=200,3e68d942-c066-436a-affd-cbc09953ff46
Gerri Limonade,"versch. Sorten, je 12 x 1-l-Fl.-Kasten, (1 l = 0,71 €), zzgl. 3,30 € Pfand",https://img.rewe-static.de/REWE_DORTMUND27_2026/1104209/22381525-7_digital-image.png?impolicy=s-offers&imwidth=200,177362e5-f69b-40ce-8667-7d529dd3f708
Dr. Oetker Die Ofenfrische Vier Käse,"tiefgefroren, je 410-g-Pckg., (1 kg = 4,85 €)",https://img.rewe-static.de/REWE_DORTMUND27_2026/2098591/21911120-68_digital-image.png?impolicy=s-offers&imwidth=200,0f598e0b-6390-4126-a8e2-19641f9333cb
Barilla Classic Pasta,"versch. Ausformungen, je 500-g-Pckg., (1 kg = 1,76 €)",https://img.rewe-static.de/REWE_DORTMUND27_2026/1483021/20428098-73_digital-image.png?impolicy=s-offers&imwidth=200,08e3cddb-3763-49c5-a1be-397c81955b32
Ben & Jerry’s Ice Cream,"versch. Sorten, je 465-ml-Becher, (1 l = 8,58 €)",https://img.rewe-static.de/REWE_DORTMUND27_2026/8422570/43212452-17_digital-image.png?impolicy=s-offers&imwidth=200,ec0e4956-9521-4ad6-8a02-2be28f73862f
Ritter Sport Schokolade,"versch. Sorten, je 100-g-Tafel, (1 kg = 11,10 €)",https://shop.rewe-static.de/content-offer-renderer/cdbfa05d8cbaa9b9a2b9cce8441fe85d144a2252/img/loyalty-icon.svg,b57cab92-1137-412e-9c9c-eed2d6e546e6
Red Bull Energy Drink,"versch. Sorten, koffeinhaltig, je 0,25-l-Dose, (1 l = 3,40 €), zzgl. 0,25 € Pfand",https://img.rewe-static.de/REWE_DORTMUND27_2026/2201429/3209700-67_digital-image.png?impolicy=s-offers&imwidth=200,d9bda72d-7b55-4098-91b9-e0a978205ef9
Hanuta,"je 10 x 22-g-Pckg., (1 kg = 11,32 €)",https://img.rewe-static.de/REWE_DORTMUND27_2026/7243747/39052424-2_digital-image.png?impolicy=s-offers&imwidth=200,923ae84b-105c-4175-8692-4d8c837ea684
Milka Alpenmilch,"je 250-g-Tafel, (1 kg = 11,96 €)",https://shop.rewe-static.de/content-offer-renderer/cdbfa05d8cbaa9b9a2b9cce8441fe85d144a2252/img/loyalty-icon.svg,24ff3a88-3a47-4a41-9049-755b87b7be94
Barilla Pesto,"Rosso, je 200-g-Glas, (1 kg = 9,95 €)",https://shop.rewe-static.de/content-offer-renderer/cdbfa05d8cbaa9b9a2b9cce8441fe85d144a2252/img/loyalty-icon.svg,1b51bef5-8adb-4b2e-babc-3a737c9b654d
Ritter Sport Schokolade,"versch. Sorten, je 100-g-Tafel, (1 kg = 11,10 €)",https://shop.rewe-static.de/content-offer-renderer/cdbfa05d8cbaa9b9a2b9cce8441fe85d144a2252/img/loyalty-icon.svg,6576fa14-a057-4fa7-8193-c10f88f5ca3d
Like vegane Fleischalternative,"versch. Sorten, je 180-g-Pckg., (1 kg = 13,83 €)",https://shop.rewe-static.de/content-offer-renderer/cdbfa05d8cbaa9b9a2b9cce8441fe85d144a2252/img/loyalty-icon.svg,15fa05ec-a70b-4d6b-9e16-164b0d838185
Iglo Schlemmerfilet Bordelaise Classic,"tiefgefroren, je 380-g-Pckg., (1 kg = 7,87 €)",https://shop.rewe-static.de/content-offer-renderer/cdbfa05d8cbaa9b9a2b9cce8441fe85d144a2252/img/loyalty-icon.svg,47a6fb49-d6c7-4759-9564-bf362f4850e7
Zum Dorfkrug Frische Salatsauce,"versch. Sorten, je 250-ml-Fl., (1 l = 6,36 €)",https://shop.rewe-static.de/content-offer-renderer/cdbfa05d8cbaa9b9a2b9cce8441fe85d144a2252/img/loyalty-icon.svg,d83b2bfa-e6fd-49c0-8599-102f8b91104a
Dr. Oetker Paula Schoko-Pudding,"je 4 x 125-g-Becher-Pckg., (1 kg = 2,98 €)",https://shop.rewe-static.de/content-offer-renderer/cdbfa05d8cbaa9b9a2b9cce8441fe85d144a2252/img/loyalty-icon.svg,051cd198-4a93-4b82-9a55-4eab78ea021b
Müller Joghurt mit der Ecke,"versch. Sorten, 3,8% Fett., je 150-g-Becher, (1 kg = 3,27 €)",https://shop.rewe-static.de/content-offer-renderer/cdbfa05d8cbaa9b9a2b9cce8441fe85d144a2252/img/loyalty-icon.svg,dc40daa6-107c-485f-94a7-869f4b73181f
Starbucks Caffè Latte,"koffeinhaltig, je 220-ml-Becher, (1 l = 7,68 €)",https://shop.rewe-static.de/content-offer-renderer/cdbfa05d8cbaa9b9a2b9cce8441fe85d144a2252/img/loyalty-icon.svg,777a458e-41d1-46ee-8ded-a06a0f08650a
Wiltmann Salami,"versch. Sorten, je 80-g-Pckg., (1 kg = 18,63 €)",https://shop.rewe-static.de/content-offer-renderer/cdbfa05d8cbaa9b9a2b9cce8441fe85d144a2252/img/loyalty-icon.svg,30d73dc4-34bb-4ed1-aad6-a8959762371d
Finish Ultimate Geschirrreinigertabs,"je 40-Tab-Pckg., (1 Tab = 0,17 €)",https://shop.rewe-static.de/content-offer-renderer/cdbfa05d8cbaa9b9a2b9cce8441fe85d144a2252/img/loyalty-icon.svg,70022279-6903-4b8c-89d0-922fde17070b
Knorr Suppenliebe,"versch. Sorten, ausreichend für 750 ml, je 1-Btl.",https://shop.rewe-static.de/content-offer-renderer/cdbfa05d8cbaa9b9a2b9cce8441fe85d144a2252/img/loyalty-icon.svg,b022bc45-6054-434c-892a-3b52daaae23f
Bull’s Eye BBQ Sauce,"versch. Sorten, je 300-ml-Fl., (1 l = 6,63 €)",https://shop.rewe-static.de/content-offer-renderer/cdbfa05d8cbaa9b9a2b9cce8441fe85d144a2252/img/loyalty-icon.svg,6fcbaadb-c60c-4368-99ee-9bdad21cf4d0
Pril Geschirrspülmittel,"Original, je 675-ml-Fl., (1 l = 2,06 €)",https://shop.rewe-static.de/content-offer-renderer/cdbfa05d8cbaa9b9a2b9cce8441fe85d144a2252/img/loyalty-icon.svg,812e0551-6b29-44e2-ad66-e1374358b376
Granini Trinkgenuss,"versch. Sorten, je 1-l-Fl., zzgl. 0,25 € Pfand",https://shop.rewe-static.de/content-offer-renderer/cdbfa05d8cbaa9b9a2b9cce8441fe85d144a2252/img/loyalty-icon.svg,6f47e249-3551-4252-9c19-ed6cfd7dc9a6
Meggle Feine Butter oder Streichzart,"versch. Sorten, je 250-g-Becher / 250-g-Pckg., (1 kg = 4,76 €)",https://shop.rewe-static.de/content-offer-renderer/cdbfa05d8cbaa9b9a2b9cce8441fe85d144a2252/img/loyalty-icon.svg,900f0f5c-37ff-4019-a05b-8e940979747d
Desperados Beer,"versch. Sorten, je 4 x 0,33-l-Fl.-Pckg., (1 l = 3,78 €), zzgl. 0,32 € Pfand",https://shop.rewe-static.de/content-offer-renderer/cdbfa05d8cbaa9b9a2b9cce8441fe85d144a2252/img/loyalty-icon.svg,c9e588cb-3ffc-4d95-a7c9-93583356a698
Kneipp Pflegedusche,"Lebensfreude, je 200-ml-Tube, (1 l = 12,45 €)",https://shop.rewe-static.de/content-offer-renderer/cdbfa05d8cbaa9b9a2b9cce8441fe85d144a2252/img/loyalty-icon.svg,1b615532-1d46-4750-bd2b-387f46c47fe2
Milka Favourites,"je 141-g-Pckg., (1 kg = 21,21 €)",https://shop.rewe-static.de/content-offer-renderer/cdbfa05d8cbaa9b9a2b9cce8441fe85d144a2252/img/loyalty-icon.svg,e8d0bfc2-c234-4c7f-bc84-d05747e3f898
Starbucks Frappuccino Coffee,"koffeinhaltig, je 250-ml-Fl., (1 l = 6,76 €)",https://shop.rewe-static.de/content-offer-renderer/cdbfa05d8cbaa9b9a2b9cce8441fe85d144a2252/img/loyalty-icon.svg,4dda9f45-8f0c-4c46-b7d4-589b33caf49d
Barilla Pasta Sauce,"Basilico, je 400-g-Glas, (1 kg = 4,98 €)",https://shop.rewe-static.de/content-offer-renderer/cdbfa05d8cbaa9b9a2b9cce8441fe85d144a2252/img/loyalty-icon.svg,2c505ff7-9509-4fd6-b0a7-25431c009132
Iglo Filegro Ofen-Backfisch,"tiefgefroren, je 240-g-Pckg., (1 kg = 12,46 €)",https://shop.rewe-static.de/content-offer-renderer/cdbfa05d8cbaa9b9a2b9cce8441fe85d144a2252/img/loyalty-icon.svg,d26a5eee-3901-4b4a-81b1-6b6f503f9299
Dr. Oetker Paula Snack,"je 4 x 28-g-Pckg., (1 kg = 13,30 €)",https://shop.rewe-static.de/content-offer-renderer/cdbfa05d8cbaa9b9a2b9cce8441fe85d144a2252/img/loyalty-icon.svg,62078ef8-23c6-4c99-9159-8c9bc00e4db5
Pril Geschirr­spülmittel,"Sensitive Aloe Vera, je 450-ml-Fl., (1 l = 3,09 €)",https://shop.rewe-static.de/content-offer-renderer/cdbfa05d8cbaa9b9a2b9cce8441fe85d144a2252/img/loyalty-icon.svg,20cea253-31e3-4cf1-bba9-52d541648de0
Finish Power Geschirrreinigertabs,"je 45-Tab-Pckg., (1 Tab = 0,16 €)",https://shop.rewe-static.de/content-offer-renderer/cdbfa05d8cbaa9b9a2b9cce8441fe85d144a2252/img/loyalty-icon.svg,0ded95f4-bdad-4a92-903a-d1801418bfdc
Gelb- oder weißfleischige Nektarinen,je 1-kg-Schale,https://shop.rewe-static.de/content-offer-renderer/cdbfa05d8cbaa9b9a2b9cce8441fe85d144a2252/img/loyalty-icon.svg,3a8aeb98-b378-4db9-b75d-7d42d3468b59
Share Nussriegel,je 35-g-Riegel,https://shop.rewe-static.de/content-offer-renderer/cdbfa05d8cbaa9b9a2b9cce8441fe85d144a2252/img/loyalty-icon.svg,24200b21-6d82-41d9-8bb9-d815b41c956e
Google Play Geschenkkarte,je 1-St.,https://shop.rewe-static.de/content-offer-renderer/cdbfa05d8cbaa9b9a2b9cce8441fe85d144a2252/img/loyalty-icon.svg,6683f27a-563d-41ef-aa2d-53a4ea61f158
REWE Regional Cherry Romatomaten,je 400-g-Schale,https://shop.rewe-static.de/content-offer-renderer/cdbfa05d8cbaa9b9a2b9cce8441fe85d144a2252/img/loyalty-icon.svg,09142835-8d18-48cd-9edf-71878adad0de
Softlan Weichspüler Ultra,je 1-l-Fl.,https://shop.rewe-static.de/content-offer-renderer/cdbfa05d8cbaa9b9a2b9cce8441fe85d144a2252/img/loyalty-icon.svg,bac8338b-6666-40e6-9b20-e5c609079649
Lindt Spaghetti-Eis,je 100-g-Tafel,https://shop.rewe-static.de/content-offer-renderer/cdbfa05d8cbaa9b9a2b9cce8441fe85d144a2252/img/loyalty-icon.svg,e76bb84f-8ca2-4606-9e2a-612579e1b1d3
Ben & Jerry’s Ice Cream,"versch. Sorten, je 465-ml-Becher, (1 l = 8,58 €)",https://img.rewe-static.de/REWE_DORTMUND27_2026/8422570/43212452-17_digital-image.png?impolicy=s-offers&imwidth=200,9b0f0817-c5eb-4b3b-89ed-d89d4ef23322
Ritter Sport Schokolade,"versch. Sorten, je 100-g-Tafel, (1 kg = 11,10 €)",https://shop.rewe-static.de/content-offer-renderer/cdbfa05d8cbaa9b9a2b9cce8441fe85d144a2252/img/loyalty-icon.svg,84d8ef40-6e86-430b-a7c8-1be22760fb57
Like vegane Fleischalternative,"versch. Sorten, je 180-g-Pckg., (1 kg = 13,83 €)",https://shop.rewe-static.de/content-offer-renderer/cdbfa05d8cbaa9b9a2b9cce8441fe85d144a2252/img/loyalty-icon.svg,c0c65cde-5cc4-4278-b4e8-55ddea03fdbf
Dallmayr Crema d’Oro,"ganze Bohnen, je 1000-g-Pckg.",https://img.rewe-static.de/REWE_DORTMUND27_2026/0689971/1374190-271_digital-image.png?impolicy=s-offers&imwidth=200,fd700579-b34b-4c65-ae2d-26f95b3609d4
Iglo Schlemmerfilet Bordelaise Classic,"tiefgefroren, je 380-g-Pckg., (1 kg = 7,87 €)",https://shop.rewe-static.de/content-offer-renderer/cdbfa05d8cbaa9b9a2b9cce8441fe85d144a2252/img/loyalty-icon.svg,4295aaa0-4a08-4415-9b0d-5570d9129a0d
Funny-frisch Pom-Bär,"Original, je 75-g-Btl., (1 kg = 14,80 €)",https://img.rewe-static.de/REWE_DORTMUND27_2026/8904051/39416847-13_digital-image.png?impolicy=s-offers&imwidth=200,a1d6d943-4f03-4944-81a5-31be3660075b
Jules Mumm Sekt,"versch. Sorten, je 0,75-l-Fl., (1 l = 5,32 €)",https://img.rewe-static.de/REWE_DORTMUND27_2026/3066045/2414900-94_digital-image.png?impolicy=s-offers&imwidth=200,1af2228a-2dca-4328-aa99-6237a405e05c
Volvic Touch oder Tee,"versch. Sorten, je 1,5-l-Fl., (1 l = 0,79 €), zzgl. 0,25 € Pfand",https://img.rewe-static.de/REWE_DORTMUND27_2026/0262979/2613970-107_digital-image.png?impolicy=s-offers&imwidth=200,9bfa0177-15e6-4d54-91d7-9798ebdab3aa
Müller Joghurt mit der Ecke,"versch. Sorten, 3,8% Fett., je 150-g-Becher, (1 kg = 3,27 €)",https://shop.rewe-static.de/content-offer-renderer/cdbfa05d8cbaa9b9a2b9cce8441fe85d144a2252/img/loyalty-icon.svg,96c1dd6f-9cbf-48a5-b822-5ad638b4c2e0
Starbucks Caffè Latte,"koffeinhaltig, je 220-ml-Becher, (1 l = 7,68 €)",https://shop.rewe-static.de/content-offer-renderer/cdbfa05d8cbaa9b9a2b9cce8441fe85d144a2252/img/loyalty-icon.svg,9ce2f05d-3055-470d-89ee-742d45c7b846
Finish Ultimate Geschirrreinigertabs,"je 40-Tab-Pckg., (1 Tab = 0,17 €)",https://shop.rewe-static.de/content-offer-renderer/cdbfa05d8cbaa9b9a2b9cce8441fe85d144a2252/img/loyalty-icon.svg,1d8ed35f-da73-4448-b7f9-19fdedb8bdda
Thomy Delikatess Mayonnaise,"je 200-ml-Tube, (1 l = 8,95 €)",https://img.rewe-static.de/REWE_DORTMUND27_2026/0401137/2084640-127_digital-image.png?impolicy=s-offers&imwidth=200,5040c1b1-c37f-4115-80f7-8e2d627dfa9b
Le Rustique Petit Camembert,"je 140-g-Pckg., (1 kg = 14,21 €)",https://img.rewe-static.de/REWE_DORTMUND27_2026/9514297/53305249-10_digital-image.png?impolicy=s-offers&imwidth=200,82511476-1700-4fab-aa65-d53e6ab05a85
Schauma Shampoo,"7 Kräuter, je 400-ml-Fl., (1 l = 4,23 €)",https://img.rewe-static.de/REWE_DORTMUND27_2026/2344123/35816348-20_digital-image.png?impolicy=s-offers&imwidth=200,419f3830-a967-4759-b21b-a4546d632c14
Berief Bio Haferdrink,"versch. Sorten, je 1-l-Pckg.",https://img.rewe-static.de/REWE_DORTMUND27_2026/8396964/30759074-30_digital-image.png?impolicy=s-offers&imwidth=200,f13ee11c-49ff-445c-8f73-c2366037f2d1
Hawesta extra zarte Heringsfilets,"versch. Sorten, je 200-g-Dose, (1 kg = 5,55 €)",https://img.rewe-static.de/REWE_DORTMUND27_2026/0161527/3740770-101_digital-image.png?impolicy=s-offers&imwidth=200,e680f296-3a9e-4ea3-9cfc-6ad7be8ab335
Freche Freunde Fruchtchips,"Erdbeer, je 12-g-Pckg., (1 kg = 149,17 €)",https://img.rewe-static.de/REWE_DORTMUND27_2026/2388398/24940090-536_digital-image.png?impolicy=s-offers&imwidth=200,67bce8d4-79a0-4595-b1e4-f09cf30efb2b
Thomy Delikatess Senf,"mittelscharf, je 200-ml-Tube, (1 l = 4,95 €)",https://img.rewe-static.de/REWE_DORTMUND27_2026/0101486/3144530-105_digital-image.png?impolicy=s-offers&imwidth=200,f7a794cb-f23c-485c-b2b7-fe3e5f53c466
Funny-frisch Frit-Sticks,"ungarisch, je 100-g-Btl., (1 kg = 11,10 €)",https://img.rewe-static.de/REWE_DORTMUND27_2026/9984707/44570225-9_digital-image.png?impolicy=s-offers&imwidth=200,9361bd5b-54d9-4731-af79-70a1c70ba2b1
Beck’s Pils,"versch. Sorten, je 20 x 0,5-l-Fl.-Kasten, (1 l = 1,15 €), zzgl. 3,10 € Pfand",https://img.rewe-static.de/REWE_DORTMUND27_2026/3697231/2389610-41_digital-image.png?impolicy=s-offers&imwidth=200,3ae4ac08-4514-4557-bef0-8be27a0856be
Starbucks Frappuccino Coffee,"koffeinhaltig, je 250-ml-Fl., (1 l = 6,76 €)",https://shop.rewe-static.de/content-offer-renderer/cdbfa05d8cbaa9b9a2b9cce8441fe85d144a2252/img/loyalty-icon.svg,d73a0c18-555e-4aaf-87af-6753482ba76a
Thomy Delikatess Senf,"mittelscharf, je 250-ml-Glas, (1 l = 3,96 €)",https://img.rewe-static.de/REWE_DORTMUND27_2026/0688754/3144540-118_digital-image.png?impolicy=s-offers&imwidth=200,86b5f53f-195d-417e-b708-74f0168473ec
Iglo Filegro Ofen-Backfisch,"tiefgefroren, je 240-g-Pckg., (1 kg = 12,46 €)",https://shop.rewe-static.de/content-offer-renderer/cdbfa05d8cbaa9b9a2b9cce8441fe85d144a2252/img/loyalty-icon.svg,356eeed2-1ec4-4bf5-839d-65f9b93e6851
Leicht & Cross Knusperbrot,"versch. Sorten, je 125-g-Pckg., (1 kg = 7,92 €)",https://img.rewe-static.de/REWE_DORTMUND27_2026/0698458/3882670-70_digital-image.png?impolicy=s-offers&imwidth=200,ed6f4d65-963c-47c7-b8d7-5de6fcb78435
Freche Freunde Fruchtriegel,"Banane, rote Traube & Aronia, je 4 x 23-g-Pckg., (1 kg = 19,46 €)",https://img.rewe-static.de/REWE_DORTMUND27_2026/9565589/52172361-9_digital-image.png?impolicy=s-offers&imwidth=200,3a51c90e-5b6d-44b6-9fcc-c8d38366b80b
Saint Albray Der kleine Cremige,"je 125-g-Pckg., (1 kg = 15,92 €)",https://img.rewe-static.de/REWE_DORTMUND27_2026/9465844/55471529-9_digital-image.png?impolicy=s-offers&imwidth=200,f205f477-9f71-4b9a-b154-752eaf1057c4
Finish Power Geschirrreinigertabs,"je 45-Tab-Pckg., (1 Tab = 0,16 €)",https://shop.rewe-static.de/content-offer-renderer/cdbfa05d8cbaa9b9a2b9cce8441fe85d144a2252/img/loyalty-icon.svg,008be8a1-8ae4-465a-a60a-c3a963c3d835
Tarczynski Polnischer Kesselschinken,je 100-g-,https://img.rewe-static.de/REWE_DORTMUND27_2026/2429065/36348790-4_digital-image.png?impolicy=s-offers&imwidth=200,c50f5ad2-d87a-4174-ae97-0b7bf9bf0f36
Wiesbauer Scharfe Knacker,"je 100-g-Pckg., (1 kg = 14,90 €)",https://img.rewe-static.de/REWE_DORTMUND27_2026/0995680/23879004-24_digital-image.png?impolicy=s-offers&imwidth=200,8929631d-5878-4928-993b-fbdf550aeb07
Wiesbauer Feine Extrawurst,"je 80-g-Pckg., (1 kg = 18,63 €)",https://img.rewe-static.de/REWE_DORTMUND27_2026/1907573/3154500-38_digital-image.png?impolicy=s-offers&imwidth=200,d5ba3814-e420-41bf-8606-fd1c80dbef44
Essreife Avocado,"»Hass«, Kl. I, je 1-St.",https://img.rewe-static.de/REWE_DORTMUND27_2026/7031200/33899425-16_digital-image.png?impolicy=s-offers&imwidth=200,cf674f22-5b20-4137-b338-473cbacbef4a
Emmi Kaltbach Der Cremig-Würzige,"Schweizer Schnittkäse, 56% Fett i.Tr., je 100-g-",https://img.rewe-static.de/REWE_DORTMUND27_2026/1900047/34028740-6_digital-image.png?impolicy=s-offers&imwidth=200,d4ece33c-ade0-4180-8109-0761fd73b605
Thomy Delikatess Mayonnaise,"je 250-ml-Glas, (1 l = 7,16 €)",https://img.rewe-static.de/REWE_DORTMUND27_2026/0101524/3886380-91_digital-image.png?impolicy=s-offers&imwidth=200,c9e4fe15-4008-4cad-afe2-ed97dcc63684
Kohlrabi,"Kl. I, je 1-St.",https://img.rewe-static.de/REWE_DORTMUND27_2026/1960126/34637860-5_digital-image.png?impolicy=s-offers&imwidth=200,12e8b9aa-0134-4957-a4ef-72e194622114
Plattpfirsiche,"Kl. I, je 1-kg-",https://img.rewe-static.de/REWE_DORTMUND27_2026/2454605/26643426-14_digital-image.png?impolicy=s-offers&imwidth=200,e206d6d5-19d6-4bd2-809e-fe1bbc6fce1a
Bunte Tafelbirnen,"Sorte: siehe Etikett, Kl. I, je 1-kg-",https://img.rewe-static.de/REWE_DORTMUND27_2026/7003877/27162667-3_digital-image.png?impolicy=s-offers&imwidth=200,7706f338-f844-4a65-8a3f-eb02845645ec
Brokkoli,"Kl. I, je 500-g-Schale, (1 kg = 1,98 €)",https://img.rewe-static.de/REWE_DORTMUND27_2026/1365241/26891656-12_digital-image.png?impolicy=s-offers&imwidth=200,b2808719-2fbb-4a93-be27-38b12bceff86
Bio Rispentomaten,"Kl. II, je 500-g-Schale, (1 kg = 3,98 €)",https://img.rewe-static.de/REWE_DORTMUND27_2026/9506064/34638052-73_digital-image.png?impolicy=s-offers&imwidth=200,6ab49b81-d81b-411a-a5f4-81f46ea520b2
Clementinen,"Sorte: siehe Etikett, Kl. I, je 750-g-Netz, (1 kg = 2,96 €)",https://img.rewe-static.de/REWE_DORTMUND27_2026/7021731/24642201-13_digital-image.png?impolicy=s-offers&imwidth=200,918cb68c-9acc-466f-9210-6b928f73a5f1
Snack Möhren,"Kl. I, je 250-g-Btl., (1 kg = 4,44 €)",https://img.rewe-static.de/REWE_DORTMUND27_2026/9045668/50914234-3_digital-image.png?impolicy=s-offers&imwidth=200,014e6a5e-bc1e-48ec-8854-937defca4597
Braune Champignons,"Kl. I, je 250-g-Schale, (1 kg = 5,96 €)",https://img.rewe-static.de/REWE_DORTMUND27_2026/8253503/35108851-24_digital-image.png?impolicy=s-offers&imwidth=200,5b718d55-e895-4b97-88d7-a52505b92286
Bio Knoblauch,"Kl. II, je 100-g-Netz, (1 kg = 8,80 €)",https://img.rewe-static.de/REWE_DORTMUND27_2026/7689447/8575460-27_digital-image.png?impolicy=s-offers&imwidth=200,9bba090e-b49d-4399-bb03-107128d8e0e4
Grüne Kiwi,"Kl. I, je 1-St.",https://img.rewe-static.de/REWE_DORTMUND27_2026/8788029/31156802-7_digital-image.png?impolicy=s-offers&imwidth=200,dcf58154-7105-4e2d-9b51-95d7d9c03762
Gelb- oder weißfleischige Nektarinen,"Kl. I, je 1-kg-",https://img.rewe-static.de/REWE_DORTMUND27_2026/7033495/36433751-5_digital-image.png?impolicy=s-offers&imwidth=200,fa57ad00-426f-4ffd-b53e-a4289b91f4e8
Romatomaten,"»Chef«, Kl. I, je 400-g-Schale, (1 kg = 4,48 €)",https://img.rewe-static.de/REWE_DORTMUND27_2026/9980541/30888822-72_digital-image.png?impolicy=s-offers&imwidth=200,ce5c872c-f322-42f6-97a6-3a3c55998a04
Wassermelone,"Kl. I, je 1-kg-",https://img.rewe-static.de/REWE_DORTMUND27_2026/7837519/31362607-16_digital-image.png?impolicy=s-offers&imwidth=200,2917151c-a358-4087-891d-694556e6e246
Lauchzwiebeln,je 1-Bund,https://img.rewe-static.de/REWE_DORTMUND27_2026/2459037/31686353-10_digital-image.png?impolicy=s-offers&imwidth=200,840d820f-4f0c-4bc1-af10-0bdeb266a817
Essreife Avocado,"»Hass«, Kl. I, je 1-St.",https://img.rewe-static.de/REWE_DORTMUND27_2026/7031200/33899425-16_digital-image.png?impolicy=s-offers&imwidth=200,5d420010-7bf9-4040-97c2-48d3246d13a2
Bio Mini Wassermelone,"Kl. II, je 1-kg-",https://img.rewe-static.de/REWE_DORTMUND27_2026/7341496/31362607-16_digital-image.png?impolicy=s-offers&imwidth=200,8542e38b-98a8-4bc0-9edb-9bf44aae8454
Futuromelone,"Kl. I, je 1-kg-",https://img.rewe-static.de/REWE_DORTMUND27_2026/9459175/56019239-8_digital-image.png?impolicy=s-offers&imwidth=200,ca64c10d-6a59-4081-9a05-c8b14a8e1310
Cantaloupemelone,"Kl. I, je 1-kg-",https://img.rewe-static.de/REWE_DORTMUND27_2026/7373912/8612740-28_digital-image.png?impolicy=s-offers&imwidth=200,26862ab9-e56b-4f98-a0fb-5e18a1533d9e
Zucchini,"Kl. I, je 1-kg-",https://img.rewe-static.de/REWE_DORTMUND27_2026/1383929/27264769-20_digital-image.png?impolicy=s-offers&imwidth=200,eda8ff4d-ce35-47f0-8c16-fa3b6b855bad
Frisches Schweinefilet mit Kopf,"das edelste Kurzbratstück vom Schwein, besonders zart, je 100-g-",https://img.rewe-static.de/REWE_DORTMUND27_2026/8384759/35348592-4_digital-image.png?impolicy=s-offers&imwidth=200,81096930-1361-47b9-b964-fb442f548f19
Nackensteaks,"vom Heimatschwein, natur oder versch. mariniert, grillfertig vorbereitet, je 100-g-",https://img.rewe-static.de/REWE_DORTMUND27_2026/9090619/49041867-2_digital-image.png?impolicy=s-offers&imwidth=200,97c36e17-23ab-472e-af34-bb5c3af5a73a
Frisches Holzfällersteak,"vom Heimatschwein, in Scheiben, natur oder mariniert »Kentucky«, ideal für den Grill, je 100-g-",https://img.rewe-static.de/REWE_DORTMUND27_2026/7880684/46067042-2_digital-image.png?impolicy=s-offers&imwidth=200,e380d84c-e1ac-49f1-aa2d-77f943b1e37e
Frische Grillrippe,"vom Heimatschwein, natur oder mariniert »Kentucky«, je 100-g-",https://img.rewe-static.de/REWE_DORTMUND27_2026/8328732/40262956-2_digital-image.png?impolicy=s-offers&imwidth=200,59046c37-21a6-4191-a8ca-fb74a377dcc5
"Marinierte, vorgegarte Spare Ribs","Spare Ribs, fix und fertig mariniert, gepökelt und vorgegart, für den schnellen Grillgenuss, je 100-g-",https://img.rewe-static.de/REWE_DORTMUND27_2026/8928535/36591899-5_digital-image.png?impolicy=s-offers&imwidth=200,298af2bb-9213-4807-8d02-7aebba521deb
REWE Regional Kassler Braten,"mit Pfeffer, Wacholder und Lorbeer gewürzt, je 100-g-",https://img.rewe-static.de/REWE_DORTMUND27_2026/9485158/42925277-2_digital-image.png?impolicy=s-offers&imwidth=200,db42fffe-0501-4dfa-a45c-37b777ee19e5
REWE Regional Wiener Würstchen,"knackig und würzig, ca. 70-g-St., je 100-g-",https://img.rewe-static.de/REWE_DORTMUND27_2026/7332707/42924547-5_digital-image.png?impolicy=s-offers&imwidth=200,17950262-b22b-42bc-b3ca-1273d5911e42
REWE Regional Schinkenmettwurst Frankfurter Art,"im Saitling, rein aus Schweinefleisch, über Buchenholz geräuchert, je 100-g-",https://img.rewe-static.de/REWE_DORTMUND27_2026/8082830/42925439-3_digital-image.png?impolicy=s-offers&imwidth=200,4d8a22bf-7b9d-4b2a-9f0c-61d15430c2e4
Gourmet Putenbrust,"mit Paprika verfeinert, schonend gegart und geräuchert, Fettgehalt 3% +/- 2%, je 100-g-",https://img.rewe-static.de/REWE_DORTMUND27_2026/0969211/35618215-3_digital-image.png?impolicy=s-offers&imwidth=200,d1d6a7c8-80ea-4b2c-befb-8c9b6bbf01f1
REWE Regional Süße Leberwurst,"mit Preiselbeeren verfeinert, süßlich-fruchtig im Geschmack, je 100-g-",https://img.rewe-static.de/REWE_DORTMUND27_2026/7332321/42925012-4_digital-image.png?impolicy=s-offers&imwidth=200,e6a1e518-9467-48ec-b627-5160d4af42ce
REWE Regional Rostbratwurst,"Westfälische Art, je 100-g-",https://img.rewe-static.de/REWE_DORTMUND27_2026/9073861/43447800-3_digital-image.png?impolicy=s-offers&imwidth=200,00e4d030-fb45-4d7c-947e-0978fd9aadb6
Like vegane Fleischalternative,"versch. Sorten, je 180-g-Pckg., (1 kg = 13,83 €)",https://shop.rewe-static.de/content-offer-renderer/cdbfa05d8cbaa9b9a2b9cce8441fe85d144a2252/img/loyalty-icon.svg,1535a672-c608-47ee-a508-8f5d5c777957
Grünländer Scheiben mild & nussig oder Naturfreunde Tilsiterscheiben,"je 140-g-Pckg., (1 kg = 12,79 €)",https://img.rewe-static.de/REWE_DORTMUND27_2026/7835341/44115323-15_digital-image.png?impolicy=s-offers&imwidth=200,091f86b2-6855-4380-bd9b-461309bbcc71
Matthews Hähnchen Filetstreifen,"Klassik, je 125-g-Pckg., (1 kg = 18,32 €)",https://img.rewe-static.de/REWE_DORTMUND27_2026/2935961/2132550-59_digital-image.png?impolicy=s-offers&imwidth=200,820899e8-41a5-44e6-808b-9433af671afb
Gazi Grill- und Pfannenkäse Kräuter,"45% Fett i.Tr., je 200-g-Pckg., (1 kg = 9,95 €)",https://img.rewe-static.de/REWE_DORTMUND27_2026/0575540/7170410-67_digital-image.png?impolicy=s-offers&imwidth=200,8dbca8b9-d817-46f4-982d-de8dd1de2746
Herta Finesse Aufschnitt,"versch. Sorten, je 100-g-Pckg., (1 kg = 13,90 €)",https://img.rewe-static.de/REWE_DORTMUND27_2026/9035676/43797415-19_digital-image.png?impolicy=s-offers&imwidth=200,f9c16c06-3012-46d0-aab5-7c0889d7c02c
Altenburger Ziegenrolle,"je 150-g-Rolle, (1 kg = 15,93 €)",https://img.rewe-static.de/REWE_DORTMUND27_2026/7008992/26548405-26_digital-image.png?impolicy=s-offers&imwidth=200,f7924d75-1826-4c15-a19b-979e0c53a80f
Milkana Frischeschale Sahne,"Schmelzkäse, je 190-g-Schale, (1 kg = 10,47 €)",https://img.rewe-static.de/REWE_DORTMUND27_2026/8724154/35504236-336_digital-image.png?impolicy=s-offers&imwidth=200,2b8a58da-8694-4e15-ad85-b890c1c63722
Dr. Oetker Paula Schoko-Pudding,"je 4 x 125-g-Becher-Pckg., (1 kg = 2,98 €)",https://shop.rewe-static.de/content-offer-renderer/cdbfa05d8cbaa9b9a2b9cce8441fe85d144a2252/img/loyalty-icon.svg,f0d0b646-3ec7-4498-a80f-f732d3bab62a
Vly Erbsen- proteindrink,"versch. Sorten, je 1-l-Pckg.",https://img.rewe-static.de/REWE_DORTMUND27_2026/8002992/50024081-15_digital-image.png?impolicy=s-offers&imwidth=200,a7ec4b53-357c-474f-9df6-454570b80088
Zott Zottarella,"je 330-g-Btl., (1 kg = 9,95 €), 200 g Abtropfgewicht",https://img.rewe-static.de/REWE_DORTMUND27_2026/9876354/48329343-18_digital-image.png?impolicy=s-offers&imwidth=200,1097716d-8215-455a-bad7-2363ead4fd20
Müller Joghurt mit der Ecke,"versch. Sorten, 3,8% Fett., je 150-g-Becher, (1 kg = 3,27 €)",https://shop.rewe-static.de/content-offer-renderer/cdbfa05d8cbaa9b9a2b9cce8441fe85d144a2252/img/loyalty-icon.svg,7af62d95-5da8-4f5d-bfb6-cbe3776bc711
Starbucks Caffè Latte,"koffeinhaltig, je 220-ml-Becher, (1 l = 7,68 €)",https://shop.rewe-static.de/content-offer-renderer/cdbfa05d8cbaa9b9a2b9cce8441fe85d144a2252/img/loyalty-icon.svg,c4a2faf7-5e06-49d5-8c5c-2fafbc967b88
Arla laktosefreie Frischmilch,"1,5/3,5% Fett, je 1-l-Pckg.",https://img.rewe-static.de/REWE_DORTMUND27_2026/8023985/40601699-21_digital-image.png?impolicy=s-offers&imwidth=200,c8c3e85e-549f-44cb-9e90-e1470e4f8c8e
Bürger Kartoffel-Schupfnudeln oder Schwäbische Eierspätzle,"je 400-g-Btl., (1 kg = 4,98 €)",https://img.rewe-static.de/REWE_DORTMUND27_2026/9049575/42249055-7_digital-image.png?impolicy=s-offers&imwidth=200,1c78ceb2-eaf3-4b51-b99a-e3bcd14ed947
Wiltmann Salami,"versch. Sorten, je 80-g-Pckg., (1 kg = 18,63 €)",https://shop.rewe-static.de/content-offer-renderer/cdbfa05d8cbaa9b9a2b9cce8441fe85d144a2252/img/loyalty-icon.svg,5d1d7f69-6717-4fa3-a4b3-beae8764a8ae
Simply V Pizza gerieben,"vegan, je 180-g-Btl., (1 kg = 11,06 €)",https://img.rewe-static.de/REWE_DORTMUND27_2026/9026471/41618012-9_digital-image.png?impolicy=s-offers&imwidth=200,348db86c-d50a-4e5e-9824-6e1e8cf699b3
Becel Gold oder Vital,"je 225-g-Becher, (1 kg = 5,73 €)",https://img.rewe-static.de/REWE_DORTMUND27_2026/7747165/49733479-10_digital-image.png?impolicy=s-offers&imwidth=200,8954acd5-45cd-4973-b5c1-c51dfb72e2a0
Le Rustique Petit Camembert,"je 140-g-Pckg., (1 kg = 14,21 €)",https://img.rewe-static.de/REWE_DORTMUND27_2026/9514297/53305249-10_digital-image.png?impolicy=s-offers&imwidth=200,22fdd2a6-e3d1-4952-a939-55d7ca9912c0
Berief Bio Haferdrink,"versch. Sorten, je 1-l-Pckg.",https://img.rewe-static.de/REWE_DORTMUND27_2026/8396964/30759074-30_digital-image.png?impolicy=s-offers&imwidth=200,d4ef4466-d510-4363-913c-cdf7b63a5306
Wolf Berner Würstchen,"versch. Sorten, je 250-g-Pckg., (1 kg = 9,96 €)",https://img.rewe-static.de/REWE_DORTMUND27_2026/1335538/17801490-38_digital-image.png?impolicy=s-offers&imwidth=200,7d57436f-ff2f-42ec-ab8b-4930298585f3
Block House Brot,"Knoblauch, je 250-g-Pckg., (1 kg = 7,96 €)",https://img.rewe-static.de/REWE_DORTMUND27_2026/6823467/3415960-46_digital-image.png?impolicy=s-offers&imwidth=200,d97952c6-c22a-4583-8a2f-0b6997bb44a7
Meggle Feine Butter oder Streichzart,"versch. Sorten, je 250-g-Becher / 250-g-Pckg., (1 kg = 4,76 €)",https://shop.rewe-static.de/content-offer-renderer/cdbfa05d8cbaa9b9a2b9cce8441fe85d144a2252/img/loyalty-icon.svg,01daa0be-ecf4-40db-80d1-d7c01d0e55c2
Zott Sahne Joghurt,"versch. Sorten, je 140-g-Becher, (1 kg = 2,79 €)",https://img.rewe-static.de/REWE_DORTMUND27_2026/7303287/55377825-10_digital-image.png?impolicy=s-offers&imwidth=200,eeb12f61-19b8-4a25-be69-b9ee058fb693
Greco Griechischer Joghurt,"versch. Sorten, je 150-g-Becher, (1 kg = 6,60 €)",https://img.rewe-static.de/REWE_DORTMUND27_2026/8917707/38987403-23_digital-image.png?impolicy=s-offers&imwidth=200,5ff76c04-a512-44a9-bba6-88cf4a0baa6a
Nestlé Smarties Joghurt,"versch. Sorten, je 120-g-Becher, (1 kg = 4,92 €)",https://img.rewe-static.de/REWE_DORTMUND27_2026/0128012/7397950-46_digital-image.png?impolicy=s-offers&imwidth=200,15131fe5-eb29-48c4-88e9-31157651b467
Starbucks Frappuccino Coffee,"koffeinhaltig, je 250-ml-Fl., (1 l = 6,76 €)",https://shop.rewe-static.de/content-offer-renderer/cdbfa05d8cbaa9b9a2b9cce8441fe85d144a2252/img/loyalty-icon.svg,60e3cd2f-7554-4ce0-b2e7-68efd61d1eea
Simply V Hirtengenuss,"vegan, je 150-g-Pckg., (1 kg = 13,27 €)",https://img.rewe-static.de/REWE_DORTMUND27_2026/8627246/33360948-13_digital-image.png?impolicy=s-offers&imwidth=200,d35f438a-0976-4ecb-a87f-5625ac3bf2c9
Dr. Oetker Paula Snack,"je 4 x 28-g-Pckg., (1 kg = 13,30 €)",https://shop.rewe-static.de/content-offer-renderer/cdbfa05d8cbaa9b9a2b9cce8441fe85d144a2252/img/loyalty-icon.svg,96188bfc-0811-417e-a4ec-d4f362e70cd5
Matthews Hähnchenbrust Filetstücke,"je 150-g-Pckg., (1 kg = 15,27 €)",https://img.rewe-static.de/REWE_DORTMUND27_2026/2145037/22322600-17_digital-image.png?impolicy=s-offers&imwidth=200,493fbbcb-4baa-4b1f-946e-d29c33e8a99a
Saint Albray Der kleine Cremige,"je 125-g-Pckg., (1 kg = 15,92 €)",https://img.rewe-static.de/REWE_DORTMUND27_2026/9465844/55471529-9_digital-image.png?impolicy=s-offers&imwidth=200,3754bdf3-704d-4263-81bb-d1e41a3adc7e
REWE Beste Wahl Kräuterbaguette,"vegan, je 175-g-Btl., (1 kg = 5,43 €)",https://img.rewe-static.de/REWE_DORTMUND27_2026/8902201/38849603-19_digital-image.png?impolicy=s-offers&imwidth=200,f48ebfca-b1c0-4cbd-98e6-c42b65405817
REWE Beste Wahl pflanzliche Bratwurst,"je 260-g-Pckg., (1 kg = 7,27 €)",https://img.rewe-static.de/REWE_DORTMUND27_2026/8958526/43332145-10_digital-image.png?impolicy=s-offers&imwidth=200,46719650-b377-450c-ade7-771398168d0a
REWE Bio Partygarnelen,"geschält und gekocht, je 80-g-Pckg., (1 kg = 24,88 €)",https://img.rewe-static.de/REWE_DORTMUND27_2026/8986815/42309804-49_digital-image.png?impolicy=s-offers&imwidth=200,13283d57-102e-454d-b3e7-16d0af7728d8
REWE Fleischkäse,"roh, zum Backen, SB-verpackt, je 500-g-Pckg., (1 kg = 7,98 €)",https://img.rewe-static.de/REWE_DORTMUND27_2026/7309166/53028795-2_digital-image.png?impolicy=s-offers&imwidth=200,708963c7-42df-4898-9702-d8ec3de0221d
Tarczynski Polnischer Kesselschinken,je 100-g-,https://img.rewe-static.de/REWE_DORTMUND27_2026/2429065/36348790-4_digital-image.png?impolicy=s-offers&imwidth=200,a6c931d9-8e91-4b16-97a1-bfcf25bd840a
REWE Regional Rostbratwurst,"je 450-g-Pckg., (1 kg = 9,87 €)",https://img.rewe-static.de/REWE_DORTMUND27_2026/7332307/54912463-10_digital-image.png?impolicy=s-offers&imwidth=200,d1b903b1-c7bc-46b7-8e0d-f14e31efab18
Wiesbauer Scharfe Knacker,"je 100-g-Pckg., (1 kg = 14,90 €)",https://img.rewe-static.de/REWE_DORTMUND27_2026/0995680/23879004-24_digital-image.png?impolicy=s-offers&imwidth=200,a34b5ad7-32ef-4e37-8056-98516fc33028
Wiesbauer Feine Extrawurst,"je 80-g-Pckg., (1 kg = 18,63 €)",https://img.rewe-static.de/REWE_DORTMUND27_2026/1907573/3154500-38_digital-image.png?impolicy=s-offers&imwidth=200,edaef147-34f1-4d0c-8af7-56d1d16306a8
REWE Beste Wahl pflanzliche Burger Patties,"je 227-g-Pckg., (1 kg = 8,33 €)",https://img.rewe-static.de/REWE_DORTMUND27_2026/9944403/47384220-17_digital-image.png?impolicy=s-offers&imwidth=200,320a8eb6-b94c-4809-bd72-80bca640bd58
REWE Regional Mettwurst,"je 150-g-Pckg., (1 kg = 13,27 €)",https://img.rewe-static.de/REWE_DORTMUND27_2026/9480043/42612210-18_digital-image.png?impolicy=s-offers&imwidth=200,fc87d3ac-9b8a-472b-826c-33da47f131be
REWE Regional Fleischwurst,"mit oder ohne Knoblauch, je 500-g-Pckg., (1 kg = 6,66 €)",https://img.rewe-static.de/REWE_DORTMUND27_2026/9477629/54107443-10_digital-image.png?impolicy=s-offers&imwidth=200,106c125d-9a42-4b42-9f6f-86923e09acb8
REWE Bio pflanzlich Hafer- oder Falafel-Bällchen,"je 200-g-Pckg., (1 kg = 8,95 €)",https://img.rewe-static.de/REWE_DORTMUND27_2026/8324188/53619173-12_digital-image.png?impolicy=s-offers&imwidth=200,8f926b7d-8ecf-40b7-b840-2e8ef588d7fe
Emmi Kaltbach Der Cremig-Würzige,"Schweizer Schnittkäse, 56% Fett i.Tr., je 100-g-",https://img.rewe-static.de/REWE_DORTMUND27_2026/1900047/34028740-6_digital-image.png?impolicy=s-offers&imwidth=200,51fdfba7-6920-45ad-8326-2e17788f6fd6
REWE Bio Joghurt,"mild, 1,8/3,8% Fett, je 500-g-Glas, (1 kg = 2,30 €), zzgl. 0,15 € Pfand",https://img.rewe-static.de/REWE_DORTMUND27_2026/8078338/43344570-13_digital-image.png?impolicy=s-offers&imwidth=200,95f8eb42-b5f2-4511-9440-2a0afbf1d4c8
Zum Dorfkrug Frische Salatsauce,"versch. Sorten, je 250-ml-Fl., (1 l = 6,36 €)",https://shop.rewe-static.de/content-offer-renderer/cdbfa05d8cbaa9b9a2b9cce8441fe85d144a2252/img/loyalty-icon.svg,83c71582-2db4-4395-97cd-eda596af0890
Popp Brotaufstrich,"versch. Sorten, je 150-g-Becher, (1 kg = 7,93 €)",https://img.rewe-static.de/REWE_DORTMUND27_2026/3965287/2494360-57_digital-image.png?impolicy=s-offers&imwidth=200,c8342b51-07ce-4e53-9cd5-340af8ef22e5
Drink & Eat Kokosnuss,je 1-St.-Pckg.,https://img.rewe-static.de/REWE_DORTMUND27_2026/8235373/29350682-17_digital-image.png?impolicy=s-offers&imwidth=200,55d53e99-087c-4bc4-99bb-aa2d2154b53e
Smoothie LOVE IS LOVE,"und weitere Sorten, je 250-ml-Fl., (1 l = 3,96 €), zzgl. 0,25 € Pfand",https://img.rewe-static.de/REWE_DORTMUND27_2026/8628139/49426017-9_digital-image.png?impolicy=s-offers&imwidth=200,6a37d0f0-5cd7-46e1-838b-9e67556b7766
REWE Bio pflanzlich Hummus,"versch. Sorten, je 200-g-Schale, (1 kg = 5,95 €)",https://img.rewe-static.de/REWE_DORTMUND27_2026/8774648/56273048-12_digital-image.png?impolicy=s-offers&imwidth=200,ff5df6b0-1c49-4f1b-bc20-a13a36e85240
Salatbowl LOVE IS LOVE,"je 325-g-Schale, (1 kg = 8,58 €)",https://img.rewe-static.de/REWE_DORTMUND27_2026/8870198/49425963-15_digital-image.png?impolicy=s-offers&imwidth=200,404e38d2-e843-48ec-82bb-9575c78b71e4
Gosch Heringssalat oder Lister Heringstopf,"je 150-g-Pckg., (1 kg = 12,60 €)",https://img.rewe-static.de/REWE_DORTMUND27_2026/1239256/15814970-21_digital-image.png?impolicy=s-offers&imwidth=200,666aeb73-0e12-44c7-acaa-b6223f477e06
Dr. Oetker Die Ofenfrische Vier Käse,"tiefgefroren, je 410-g-Pckg., (1 kg = 4,85 €)",https://img.rewe-static.de/REWE_DORTMUND27_2026/2098591/21911120-68_digital-image.png?impolicy=s-offers&imwidth=200,ac35ab65-9f1f-44af-aeb5-4b66c188430f
Ben & Jerry’s Ice Cream,"versch. Sorten, je 465-ml-Becher, (1 l = 8,58 €)",https://img.rewe-static.de/REWE_DORTMUND27_2026/8422570/43212452-17_digital-image.png?impolicy=s-offers&imwidth=200,c1a8996b-e9a9-4a09-b14a-3fa2fc75cb68
Original Wagner Pizzeria Style Salame Piccante,"tiefgefroren, je 380-g-Pckg., (1 kg = 7,87 €)",https://img.rewe-static.de/REWE_DORTMUND27_2026/9566575/51027568-23_digital-image.png?impolicy=s-offers&imwidth=200,25809e90-5d34-4859-9219-506ecc4710ce
Iglo Schlemmerfilet Bordelaise Classic,"tiefgefroren, je 380-g-Pckg., (1 kg = 7,87 €)",https://shop.rewe-static.de/content-offer-renderer/cdbfa05d8cbaa9b9a2b9cce8441fe85d144a2252/img/loyalty-icon.svg,44e1fb35-3450-4ad6-a99d-2a2d88eb0b33
Trüfrü Früchte in Schokolade,"Blaubeere, tiefgefroren, je 200-g-Btl., (1 kg = 22,95 €)",https://img.rewe-static.de/REWE_DORTMUND27_2026/7313463/54069233-9_digital-image.png?impolicy=s-offers&imwidth=200,92c10967-863c-4654-bafb-41a719db0fa4
Iglo Rahm-Spinat,"tiefgefroren, je 750-g-Pckg., (1 kg = 2,39 €)",https://img.rewe-static.de/REWE_DORTMUND27_2026/8426324/30989982-37_digital-image.png?impolicy=s-offers&imwidth=200,d6676417-03b4-472d-a2d8-9402a182f1fe
McCain Golden Longs,"tiefgefroren, je 600-g-Btl., (1 kg = 2,65 €)",https://img.rewe-static.de/REWE_DORTMUND27_2026/2895090/49907228-15_digital-image.png?impolicy=s-offers&imwidth=200,cc13277d-96d0-4a40-9abe-49ad0233ec2d
Dovgan Pelmeni Teigtaschen mit Putenfleisch,"tiefgefroren, je 500-g-Btl., (1 kg = 4,58 €)",https://img.rewe-static.de/REWE_DORTMUND27_2026/5345987/6582400-70_digital-image.png?impolicy=s-offers&imwidth=200,1a6d0792-2961-4198-93ff-11aaf167bf86
Dr. Oetker Pizza Tradizionale Salame Romano,"tiefgefroren, je 385-g-Pckg., (1 kg = 5,17 €)",https://img.rewe-static.de/REWE_DORTMUND27_2026/7828148/37512479-33_digital-image.png?impolicy=s-offers&imwidth=200,bb5eb299-7022-46bd-9305-9a9d5083d8b3
Mc Cain Steakhouse Frites,"tiefgefroren, je 650-g-Btl., (1 kg = 2,45 €)",https://img.rewe-static.de/REWE_DORTMUND27_2026/2895121/27927890-54_digital-image.png?impolicy=s-offers&imwidth=200,81d8d58b-3036-4975-9226-9bf93c3cc71e
Iglo Würz-Spinat,"tiefgefroren, je 500-g-Pckg., (1 kg = 3,58 €)",https://img.rewe-static.de/REWE_DORTMUND27_2026/0951482/23749343-40_digital-image.png?impolicy=s-offers&imwidth=200,27ad4cf4-3bb9-4ab6-bab6-fff92d4dd71e
Iglo Filegro Ofen-Backfisch,"tiefgefroren, je 240-g-Pckg., (1 kg = 12,46 €)",https://shop.rewe-static.de/content-offer-renderer/cdbfa05d8cbaa9b9a2b9cce8441fe85d144a2252/img/loyalty-icon.svg,0f4c3744-fb82-4fd9-b3fa-ae2caa31874e
Iglo Chicken Stripes,"tiefgefroren, je 220-g-Pckg., (1 kg = 13,59 €)",https://img.rewe-static.de/REWE_DORTMUND27_2026/9531477/52754750-11_digital-image.png?impolicy=s-offers&imwidth=200,d7464f34-13f1-43bf-80cf-6735d4d6fb05
Ferrero Kinder Bueno Eis,"je 4 x 90-ml-Pckg., (1 l = 8,31 €)",https://img.rewe-static.de/REWE_DORTMUND27_2026/8699056/35288668-19_digital-image.png?impolicy=s-offers&imwidth=200,989aa05c-3d18-474d-8200-82b38bb28320
Ferrero Kinder Chocolate Eis,"je 220-ml-Pckg., (1 l = 13,59 €)",https://img.rewe-static.de/REWE_DORTMUND27_2026/8900568/38509058-15_digital-image.png?impolicy=s-offers&imwidth=200,ea1906d9-a5e7-48ee-b170-3a0e324cc4a8
REWE Beste Wahl Süßkartoffel Pommes,"tiefgefroren, je 500-g-Btl., (1 kg = 3,18 €)",https://img.rewe-static.de/REWE_DORTMUND27_2026/7057887/27071644-25_digital-image.png?impolicy=s-offers&imwidth=200,582db0ae-9825-455a-b627-d017468e957a
REWE Beste Wahl Burger Patties,"vegan, tiefgefroren, je 230-g-Pckg., (1 kg = 6,91 €)",https://img.rewe-static.de/REWE_DORTMUND27_2026/9907922/49114908-20_digital-image.png?impolicy=s-offers&imwidth=200,9c23c540-9203-4d69-b9f8-6a2b7b013c61
Jacobs Krönung,"versch. Sorten, gemahlener Bohnenkaffee, je 500-g-Pckg., (1 kg = 11,98 €)",https://img.rewe-static.de/REWE_DORTMUND27_2026/7610024/42788991-26_digital-image.png?impolicy=s-offers&imwidth=200,e45f1d42-7d38-4180-82b8-6a0b5e52f778
Dallmayr Crema d’Oro,"ganze Bohnen, je 1000-g-Pckg.",https://img.rewe-static.de/REWE_DORTMUND27_2026/0689971/1374190-271_digital-image.png?impolicy=s-offers&imwidth=200,14208783-0675-460b-9f73-59c21f08b54f
Jacobs Gold,"löslicher Bohnenkaffee, je 200-g-Glas, (1 kg = 34,95 €)",https://img.rewe-static.de/REWE_DORTMUND27_2026/0721271/1427840-41_digital-image.png?impolicy=s-offers&imwidth=200,8ca85fa1-103c-433f-8f73-782b66caa9da
Ciabatta XXL,"je 500-g-St., (1 kg = 3,10 €)",https://img.rewe-static.de/REWE_DORTMUND27_2026/5183189/22200784-26_digital-image.png?impolicy=s-offers&imwidth=200,2f0017fd-77b7-4d3f-a706-80f93456275a
Lavazza Qualita Rossa,"ganze Bohnen, je 1000-g-Pckg.",https://img.rewe-static.de/REWE_DORTMUND27_2026/1275305/18577200-42_digital-image.png?impolicy=s-offers&imwidth=200,af321649-c235-41d3-9f82-032579b91f80
Teekanne Frio Tee,"Yuzu-Minze, je 45-g-Pckg., (1 kg = 44,22 €)",https://img.rewe-static.de/REWE_DORTMUND27_2026/9890943/49690953-13_digital-image.png?impolicy=s-offers&imwidth=200,4db53d4d-cd44-4389-9956-6ae7343219a6
Hot Dog Klassik,je 1-St.,https://img.rewe-static.de/REWE_DORTMUND27_2026/8735151/28775746-16_digital-image.png?impolicy=s-offers&imwidth=200,38201dde-60a9-401d-9ed5-8a8c207d52c4
Puddingbrezel,je 1-St.,https://img.rewe-static.de/REWE_DORTMUND27_2026/7570182/44007413-11_digital-image.png?impolicy=s-offers&imwidth=200,1cb63308-237c-465c-a714-aedcc0ce744a
Kürbiskernbrötchen,je 1-St.,https://img.rewe-static.de/REWE_DORTMUND27_2026/8901803/39216023-6_digital-image.png?impolicy=s-offers&imwidth=200,b8668e8b-4696-4224-a6f8-c299613525bd
Zentis Nusspli,"je 400-g-Glas, (1 kg = 6,23 €)",https://img.rewe-static.de/REWE_DORTMUND27_2026/7716884/37817440-10_digital-image.png?impolicy=s-offers&imwidth=200,6926c2e4-407b-43fa-9d00-622a44e6b5bf
Leicht & Cross Knusperbrot,"versch. Sorten, je 125-g-Pckg., (1 kg = 7,92 €)",https://img.rewe-static.de/REWE_DORTMUND27_2026/0698458/3882670-70_digital-image.png?impolicy=s-offers&imwidth=200,cee4d10f-7cc7-4f4a-bdee-a1aa0a86e7ef
Brandt Finn Crisp,"Original, je 200-g-Pckg., (1 kg = 7,45 €)",https://img.rewe-static.de/REWE_DORTMUND27_2026/9559124/2264070-65_digital-image.png?impolicy=s-offers&imwidth=200,41f9662d-01de-4fbb-89f1-aafe47d9958d
REWE Beste Wahl Ciabatta,"je 300-g-Pckg., (1 kg = 3,97 €)",https://img.rewe-static.de/REWE_DORTMUND27_2026/1076627/24593417-24_digital-image.png?impolicy=s-offers&imwidth=200,2730d0cc-6e83-4b30-a258-c46f4ba04f02
Zentis Smile Konfitüre,"Erdbeere, je 230-g-Glas, (1 kg = 10,83 €)",https://img.rewe-static.de/REWE_DORTMUND27_2026/9463367/54709707-17_digital-image.png?impolicy=s-offers&imwidth=200,b36d3052-f511-4c08-98e6-a0e4b6a33c55
Butcher’s Burger Buns,"vegan, je 250-g-Pckg., (1 kg = 5,56 €)",https://img.rewe-static.de/REWE_DORTMUND27_2026/8888961/39251810-17_digital-image.png?impolicy=s-offers&imwidth=200,a40f8a06-548a-4212-ae80-912f7e710dd6
Barilla Pesto,"Rosso, je 200-g-Glas, (1 kg = 9,95 €)",https://shop.rewe-static.de/content-offer-renderer/cdbfa05d8cbaa9b9a2b9cce8441fe85d144a2252/img/loyalty-icon.svg,13dd70c7-b813-41f9-beb9-5272b3e23245
Barilla Classic Pasta,"versch. Ausformungen, je 500-g-Pckg., (1 kg = 1,76 €)",https://img.rewe-static.de/REWE_DORTMUND27_2026/1483021/20428098-73_digital-image.png?impolicy=s-offers&imwidth=200,b28e326b-dba0-4bdc-a563-f5cea0bbd538
Maggi 5 Minuten Terrine Nudeln in Rahmsauce,"je 61-g-Becher, (1 kg = 16,23 €)",https://img.rewe-static.de/REWE_DORTMUND27_2026/8397675/30642902-62_digital-image.png?impolicy=s-offers&imwidth=200,6cbf4723-6786-4e77-97e3-abbaf5dfde5e
Maggi Ravioli,"versch. Sorten, je 800-g-Dose, (1 kg = 2,49 €)",https://img.rewe-static.de/REWE_DORTMUND27_2026/0166774/1127270-456_digital-image.png?impolicy=s-offers&imwidth=200,be7f18f3-3a56-47dc-9ae4-24e84e4fe4df
Kühne Schlemmertöpfchen,"mit Kräutern verfeinert, je 530-g-Glas, (1 kg = 8,30 €), 300 g Abtropfgewicht",https://img.rewe-static.de/REWE_DORTMUND27_2026/0422223/1249960-422_digital-image.png?impolicy=s-offers&imwidth=200,c6800ead-fb6e-4c36-9649-2e0d4397c942
Thomy Delikatess Mayonnaise,"je 200-ml-Tube, (1 l = 8,95 €)",https://img.rewe-static.de/REWE_DORTMUND27_2026/0401137/2084640-127_digital-image.png?impolicy=s-offers&imwidth=200,2e5a4ba5-8eb6-4220-8adc-be1bc3b839aa
Knorr Suppenliebe,"versch. Sorten, ausreichend für 750 ml, je 1-Btl.",https://shop.rewe-static.de/content-offer-renderer/cdbfa05d8cbaa9b9a2b9cce8441fe85d144a2252/img/loyalty-icon.svg,7e96c3cf-7356-4ccc-96be-6a1b9bc656ad
Bull’s Eye BBQ Sauce,"versch. Sorten, je 300-ml-Fl., (1 l = 6,63 €)",https://shop.rewe-static.de/content-offer-renderer/cdbfa05d8cbaa9b9a2b9cce8441fe85d144a2252/img/loyalty-icon.svg,1d02c4ec-3602-4f74-9679-2c23f06db807
Hawesta extra zarte Heringsfilets,"versch. Sorten, je 200-g-Dose, (1 kg = 5,55 €)",https://img.rewe-static.de/REWE_DORTMUND27_2026/0161527/3740770-101_digital-image.png?impolicy=s-offers&imwidth=200,cf54df98-50fb-4032-a8e9-82c3c085c36a
P&W Hamburger Sauce,"je 425-g-Fl., (1 kg = 3,04 €)",https://img.rewe-static.de/REWE_DORTMUND27_2026/7669110/39325345-15_digital-image.png?impolicy=s-offers&imwidth=200,7b082e08-bcaf-4a90-a03f-e9b1779127ca
Thomy Delikatess Senf,"mittelscharf, je 200-ml-Tube, (1 l = 4,95 €)",https://img.rewe-static.de/REWE_DORTMUND27_2026/0101486/3144530-105_digital-image.png?impolicy=s-offers&imwidth=200,ce950fc9-37d5-46e1-befd-afe309e373ca
Maggi Magic Asia Saucy Noodles Teriyaki,"je 75-g-Becher, (1 kg = 13,20 €)",https://img.rewe-static.de/REWE_DORTMUND27_2026/8434420/55256106-11_digital-image.png?impolicy=s-offers&imwidth=200,dde02db0-93e7-4c13-86eb-feff0d1b5e13
Thomy Delikatess Senf,"mittelscharf, je 250-ml-Glas, (1 l = 3,96 €)",https://img.rewe-static.de/REWE_DORTMUND27_2026/0688754/3144540-118_digital-image.png?impolicy=s-offers&imwidth=200,3ef67a7b-fadb-40ad-b171-789c28d10e9a
Barilla Pasta Sauce,"Basilico, je 400-g-Glas, (1 kg = 4,98 €)",https://shop.rewe-static.de/content-offer-renderer/cdbfa05d8cbaa9b9a2b9cce8441fe85d144a2252/img/loyalty-icon.svg,b42f4e51-bc69-4ecf-a042-dadfeeb9f7be
REWE Beste Wahl Balsamico Creme,"je 250-ml-Fl., (1 l = 7,56 €)",https://img.rewe-static.de/REWE_DORTMUND27_2026/0888363/23928271-51_digital-image.png?impolicy=s-offers&imwidth=200,4e3109f7-3993-4ed0-b012-a8bced40d0dd
REWE Bio Linseneintopf,"je 800-g-Dose, (1 kg = 2,49 €)",https://img.rewe-static.de/REWE_DORTMUND27_2026/9847393/50810993-11_digital-image.png?impolicy=s-offers&imwidth=200,1ce64575-e103-48f9-bc98-4fd38cb02c9a
REWE Bio pflanzlich Gemüseravioli,"je 400-g-Dose, (1 kg = 4,23 €)",https://img.rewe-static.de/REWE_DORTMUND27_2026/8699735/35999938-22_digital-image.png?impolicy=s-offers&imwidth=200,2b0afa18-cbdd-4647-9ad4-b3d681c16d8f
Thomy Delikatess Mayonnaise,"je 250-ml-Glas, (1 l = 7,16 €)",https://img.rewe-static.de/REWE_DORTMUND27_2026/0101524/3886380-91_digital-image.png?impolicy=s-offers&imwidth=200,664bb27d-9836-4624-8a33-7712ef52ffd0
Milka Alpenmilch,"je 250-g-Tafel, (1 kg = 11,96 €)",https://shop.rewe-static.de/content-offer-renderer/cdbfa05d8cbaa9b9a2b9cce8441fe85d144a2252/img/loyalty-icon.svg,c6b0c134-9de8-422e-aca5-7ed84a14df59
Haribo Goldbären,"je 175-g-Btl., (1 kg = 3,94 €)",https://img.rewe-static.de/REWE_DORTMUND27_2026/7772669/36839491-131_digital-image.png?impolicy=s-offers&imwidth=200,5cfcfda0-dc9d-4ec7-8d04-785dc52710f3
Ritter Sport Schokolade,"versch. Sorten, je 100-g-Tafel, (1 kg = 11,10 €)",https://shop.rewe-static.de/content-offer-renderer/cdbfa05d8cbaa9b9a2b9cce8441fe85d144a2252/img/loyalty-icon.svg,f0a323d8-3e98-4942-bf2a-12a7da3a9b27
Hanuta,"je 10 x 22-g-Pckg., (1 kg = 11,32 €)",https://img.rewe-static.de/REWE_DORTMUND27_2026/7243747/39052424-2_digital-image.png?impolicy=s-offers&imwidth=200,bc7c5e76-2ade-4491-b3cc-40062689f141
Lorenz Crunchips,"Paprika, je 150-g-Btl., (1 kg = 7,40 €)",https://img.rewe-static.de/REWE_DORTMUND27_2026/7741099/36873912-36_digital-image.png?impolicy=s-offers&imwidth=200,c2faa469-be10-4eb7-a8a3-e7f7152b8226
Funny-frisch Pom-Bär,"Original, je 75-g-Btl., (1 kg = 14,80 €)",https://img.rewe-static.de/REWE_DORTMUND27_2026/8904051/39416847-13_digital-image.png?impolicy=s-offers&imwidth=200,0497e0d1-4f15-40cf-b1a6-51c27a49571d
Milka Tender,"Milch, je 5 x 37-g-Pckg., (1 kg = 10,76 €)",https://img.rewe-static.de/REWE_DORTMUND27_2026/3075923/1234890-46_digital-image.png?impolicy=s-offers&imwidth=200,9025fa1e-3604-4d29-a533-ede6eb4613ca
DeBeukelaer Prinzenrolle,"Vollkorn, je 352-g-Rolle, (1 kg = 4,80 €)",https://img.rewe-static.de/REWE_DORTMUND27_2026/9968473/47830275-12_digital-image.png?impolicy=s-offers&imwidth=200,56cdc387-c71d-49bf-915a-f055fc5aacf9
Seeberger Nuts ’n Berries,"je 150-g-Btl., (1 kg = 16,60 €)",https://img.rewe-static.de/REWE_DORTMUND27_2026/2458567/24885226-39_digital-image.png?impolicy=s-offers&imwidth=200,d6002d2a-80ff-4d07-baa4-460895e9cf17
Milka Favourites,"je 141-g-Pckg., (1 kg = 21,21 €)",https://shop.rewe-static.de/content-offer-renderer/cdbfa05d8cbaa9b9a2b9cce8441fe85d144a2252/img/loyalty-icon.svg,a3280728-95c0-4108-95e0-4f97ce7d5ca5
Lorenz Pommels,"je 75-g-Btl., (1 kg = 14,80 €)",https://img.rewe-static.de/REWE_DORTMUND27_2026/1400102/21215403-34_digital-image.png?impolicy=s-offers&imwidth=200,f1b50950-90d8-4a4e-8847-e3111619d4a5
Funny-frisch Frit-Sticks,"ungarisch, je 100-g-Btl., (1 kg = 11,10 €)",https://img.rewe-static.de/REWE_DORTMUND27_2026/9984707/44570225-9_digital-image.png?impolicy=s-offers&imwidth=200,c2b63eb2-981c-4d5b-9738-d6dce0227f14
Haribo Pasta Basta Neon Twist,"je 160-g-Btl., (1 kg = 4,31 €)",https://img.rewe-static.de/REWE_DORTMUND27_2026/9445039/55720128-6_digital-image.png?impolicy=s-offers&imwidth=200,8d897b4a-a09f-4c05-a769-72e11641746c
Milka Choco & Cake,"je 175-g-Pckg., (1 kg = 11,37 €)",https://img.rewe-static.de/REWE_DORTMUND27_2026/1483700/20715624-36_digital-image.png?impolicy=s-offers&imwidth=200,7402d76a-7d07-40a8-a571-e4f5c232754a
Seeberger Kokoschips,"je 110-g-Btl., (1 kg = 22,64 €)",https://img.rewe-static.de/REWE_DORTMUND27_2026/8619674/34420838-40_digital-image.png?impolicy=s-offers&imwidth=200,b2c5afa0-5e88-4d5f-a380-9431855d8d7d
DeBeukelaer Prinzenrolle,"Schoko, je 450-g-Pckg., (1 kg = 3,76 €)",https://img.rewe-static.de/REWE_DORTMUND27_2026/9970295/50468024-9_digital-image.png?impolicy=s-offers&imwidth=200,f9d3cb8f-ac63-41dd-98bf-d45dafaaa67a
Gerri Limonade,"versch. Sorten, je 12 x 1-l-Fl.-Kasten, (1 l = 0,71 €), zzgl. 3,30 € Pfand",https://img.rewe-static.de/REWE_DORTMUND27_2026/1104209/22381525-7_digital-image.png?impolicy=s-offers&imwidth=200,abe13f20-f781-4745-b03d-6f8eb3b1a9e1
Red Bull Energy Drink,"versch. Sorten, koffeinhaltig, je 0,25-l-Dose, (1 l = 3,40 €), zzgl. 0,25 € Pfand",https://img.rewe-static.de/REWE_DORTMUND27_2026/2201429/3209700-67_digital-image.png?impolicy=s-offers&imwidth=200,475de5f2-e78e-4cff-913d-e09232c2e9fd
Powerade Mountain Blast,"je 0,5-l-Fl., (1 l = 1,98 €), zzgl. 0,25 € Pfand",https://img.rewe-static.de/REWE_DORTMUND27_2026/6652816/49426970-29_digital-image.png?impolicy=s-offers&imwidth=200,100edbc4-6789-4080-8ea8-c51af939e938
Volvic Touch oder Tee,"versch. Sorten, je 1,5-l-Fl., (1 l = 0,79 €), zzgl. 0,25 € Pfand",https://img.rewe-static.de/REWE_DORTMUND27_2026/0262979/2613970-107_digital-image.png?impolicy=s-offers&imwidth=200,b101c55b-77b1-405b-a664-39ac6549e3d5
Granini Die Limo,"versch. Sorten, je 1-l-Fl., zzgl. 0,25 € Pfand",https://img.rewe-static.de/REWE_DORTMUND27_2026/1903482/20984838-50_digital-image.png?impolicy=s-offers&imwidth=200,5b290aef-93b9-4c34-9838-52847f35ac01
Gerolsteiner Flow,"versch. Sorten, je 0,5-l-Fl., (1 l = 2,98 €), zzgl. 0,25 € Pfand",https://img.rewe-static.de/REWE_DORTMUND27_2026/9511417/53322991-14_digital-image.png?impolicy=s-offers&imwidth=200,e0e1e1b4-3111-484e-a675-b9cf432367e8
Hella Near Water,"versch. Sorten, je 1,5-l-Fl., (1 l = 0,59 €), zzgl. 0,25 € Pfand",https://img.rewe-static.de/REWE_DORTMUND27_2026/0340099/9397720-31_digital-image.png?impolicy=s-offers&imwidth=200,b2abea59-c227-4fbc-8ae7-fb44946ecda0
Sinalco Limonade,"versch. Sorten, teilw. koffeinhaltig, je 1,25-l-Fl., (1 l = 0,63 €), zzgl. 0,25 € Pfand",https://img.rewe-static.de/REWE_DORTMUND27_2026/0064838/2879470-42_digital-image.png?impolicy=s-offers&imwidth=200,3afa7bbf-b025-4176-a560-05b7d1ca6275
Granini Trinkgenuss,"versch. Sorten, je 1-l-Fl., zzgl. 0,25 € Pfand",https://shop.rewe-static.de/content-offer-renderer/cdbfa05d8cbaa9b9a2b9cce8441fe85d144a2252/img/loyalty-icon.svg,8a0a316c-51ca-43b1-8c02-c4b0191caa3a
Dryll Elektrolytegetränk,"versch. Sorten, je 0,33-l-Dose, (1 l = 4,52 €), zzgl. 0,25 € Pfand",https://img.rewe-static.de/REWE_DORTMUND27_2026/9431949/55951041-13_digital-image.png?impolicy=s-offers&imwidth=200,1b84d408-baec-4845-b39b-46c1c8e7bba0
Hella Feelgood,"versch. Sorten, je 0,75-l-Fl., (1 l = 1,19 €), zzgl. 0,25 € Pfand",https://img.rewe-static.de/REWE_DORTMUND27_2026/9897108/47861244-9_digital-image.png?impolicy=s-offers&imwidth=200,e60b1cd3-6c9e-4191-b1bb-3338c7c35cbc
Rheinfels Mineralwasser,"versch. Sorten, je 12 x 0,7-l-Fl.-Kasten, (1 l = 0,57 €), zzgl. 3,30 € Pfand",https://img.rewe-static.de/REWE_DORTMUND27_2026/2344966/23591235-10_digital-image.png?impolicy=s-offers&imwidth=200,f06135fc-4c13-4567-bfe5-b8a7dd37cea3
Knabe Kola,"versch. Sorten, koffeinhaltig, je 0,33-l-Dose, (1 l = 2,70 €), zzgl. 0,25 € Pfand",https://img.rewe-static.de/REWE_DORTMUND27_2026/9543032/51964630-18_digital-image.png?impolicy=s-offers&imwidth=200,d589e48e-3b6a-4687-a016-d33f13bf7cca
Rheinfels Mineralwasser,"versch. Sorten, je 12 x 0,75-l-Fl.-Kasten, (1 l = 0,53 €), zzgl. 3,30 € Pfand",https://img.rewe-static.de/REWE_DORTMUND27_2026/0858722/22381491-10_digital-image.png?impolicy=s-offers&imwidth=200,3caf74df-146e-46e3-a464-e13c329c3a77
Granini Fresh,"versch. Sorten, je 0,75-l-Fl., (1 l = 1,72 €), zzgl. 0,25 € Pfand",https://img.rewe-static.de/REWE_DORTMUND27_2026/9595800/49694977-19_digital-image.png?impolicy=s-offers&imwidth=200,41d558fe-88c0-4c6e-8998-7797c92f0532
Gerolsteiner Mineralwasser,"versch. Sorten, je 12 x 1-l-Fl.-Kasten, (1 l = 0,50 €), zzgl. 3,30 € Pfand",https://img.rewe-static.de/REWE_DORTMUND27_2026/5311667/2333950-21_digital-image.png?impolicy=s-offers&imwidth=200,93d55594-763f-4470-bbdf-b0334b4fa944
Brinkhoff’s No. 1 Premium Pilsener,"je 20 x 0,5-l-Fl.-Kasten, (1 l = 1,10 €), zzgl. 3,10 € Pfand",https://img.rewe-static.de/REWE_DORTMUND27_2026/4665902/24618835-7_digital-image.png?impolicy=s-offers&imwidth=200,48c83ee6-659b-48b0-84ff-8555e27aa8d2
König Pilsener,"je 20 x 0,5-l-Fl.-Kasten, (1 l = 1,10 €), zzgl. 3,10 € Pfand",https://img.rewe-static.de/REWE_DORTMUND27_2026/4477138/21104244-18_digital-image.png?impolicy=s-offers&imwidth=200,5df1ea28-29e2-4655-8320-59d3509ba657
Warsteiner Pils,"je 20 x 0,5-l-Fl.-Kasten, (1 l = 1,10 €), zzgl. 3,10 € Pfand",https://img.rewe-static.de/REWE_DORTMUND27_2026/4665945/45406817-12_digital-image.png?impolicy=s-offers&imwidth=200,5da79eeb-48b9-4f6e-834b-5c772bee1eaf
Krombacher Pils oder Alkoholfrei,"versch. Sorten, je 20 x 0,5-l-Fl.-Kasten, (1 l = 1,15 €), zzgl. 3,10 € Pfand",https://img.rewe-static.de/REWE_DORTMUND27_2026/0719536/49210898-18_digital-image.png?impolicy=s-offers&imwidth=200,e136199e-f279-4d51-9311-002b5bdaf9ab
Benediktiner Hell,"je 20 x 0,5-l-Fl.-Kasten, (1 l = 1,50 €), zzgl. 3,10 € Pfand",https://img.rewe-static.de/REWE_DORTMUND27_2026/3145695/26404048-8_digital-image.png?impolicy=s-offers&imwidth=200,3d6514bd-e0bc-458f-855b-ce16ec07cc9f
Erdinger Weißbier oder Brauhaus,"je 20 x 0,5-l-Fl.-Kasten, (1 l = 1,50 €), zzgl. 3,10 € Pfand",https://img.rewe-static.de/REWE_DORTMUND27_2026/4682645/22703625-12_digital-image.png?impolicy=s-offers&imwidth=200,2fbfb91d-a0bc-4347-8fd5-a6801e583f12
Budweiser Premium Czech Lager,"je 20 x 0,5-l-Fl.-Kasten, (1 l = 1,50 €), zzgl. 3,10 € Pfand",https://img.rewe-static.de/REWE_DORTMUND27_2026/7921063/22382253-12_digital-image.png?impolicy=s-offers&imwidth=200,b4ee5ce0-8124-4aa0-8792-d7caa4116ac0
Karlsberg Mixery Vod. Flav. Iced Blue,"je 0,5-l-Dose, (1 l = 1,98 €), zzgl. 0,25 € Pfand",https://img.rewe-static.de/REWE_DORTMUND27_2026/0469822/28078919-12_digital-image.png?impolicy=s-offers&imwidth=200,3f28cc67-8db6-47e2-ad87-4682950a4824
Desperados Beer,"versch. Sorten, je 4 x 0,33-l-Fl.-Pckg., (1 l = 3,78 €), zzgl. 0,32 € Pfand",https://shop.rewe-static.de/content-offer-renderer/cdbfa05d8cbaa9b9a2b9cce8441fe85d144a2252/img/loyalty-icon.svg,1f4286af-3e35-46f5-ae86-fb1a3ccf7408
Beck’s Pils,"versch. Sorten, je 20 x 0,5-l-Fl.-Kasten, (1 l = 1,15 €), zzgl. 3,10 € Pfand",https://img.rewe-static.de/REWE_DORTMUND27_2026/3697231/2389610-41_digital-image.png?impolicy=s-offers&imwidth=200,e79f5b94-882d-49d4-a057-55d39ed5bb47
Veltins Pilsener Steinie,"je 20 x 0,33-l-Fl.-Kasten, (1 l = 1,67 €), zzgl. 3,10 € Pfand",https://img.rewe-static.de/REWE_DORTMUND27_2026/4937740/4787400-15_digital-image.png?impolicy=s-offers&imwidth=200,cbea8e22-06b3-4d12-ae22-4da02dd336b6
Veltins Pilsener Steinie,"je 16 x 0,5-l-Fl.-Kasten, (1 l = 1,37 €), zzgl. 2,78 € Pfand",https://img.rewe-static.de/REWE_DORTMUND27_2026/3055922/1864810-13_digital-image.png?impolicy=s-offers&imwidth=200,fa2fca9b-5902-4dd3-b9d5-fa7b767c14a5
Paulaner Weißbier oder Alkoholfrei,"versch. Sorten, je 6 x 0,33-l-Fl.-Sixpack, (1 l = 2,27 €), zzgl. 0,48 € Pfand",https://img.rewe-static.de/REWE_DORTMUND27_2026/8414089/31395290-10_digital-image.png?impolicy=s-offers&imwidth=200,cecddddb-5760-4fda-b46f-dfe343841498
Bitburger Pils oder Alkoholfrei,"versch. Sorten, je 6 x 0,33-l-Fl.-Sixpack, (1 l = 2,02 €), zzgl. 0,48 € Pfand",https://img.rewe-static.de/REWE_DORTMUND27_2026/6642225/30705400-9_digital-image.png?impolicy=s-offers&imwidth=200,ad22191c-5126-4252-8c64-f045dd8793be
"Schmackes Hell oder Schmackes Hell 0,0%","je 6 x 0,33-l-Fl.-Sixpack, (1 l = 1,76 €), zzgl. 0,48 € Pfand",https://img.rewe-static.de/REWE_DORTMUND27_2026/7584513/43539368-19_digital-image.png?impolicy=s-offers&imwidth=200,c52f2bab-4df1-46f4-8a9b-d29c8d19333b
Maybach Qualitätswein,"versch. Sorten, teilweise alkoholfrei, trocken, je 0,75-l-Fl., (1 l = 3,99 €)",https://img.rewe-static.de/REWE_DORTMUND27_2026/1145790/15974010-34_digital-image.png?impolicy=s-offers&imwidth=200,73426b3b-7705-448e-92c2-b720714e7528
Baileys Original Irish Cream,"17% Vol., je 0,7-l-Fl., (1 l = 14,27 €)",https://img.rewe-static.de/REWE_DORTMUND27_2026/1081977/3004730-44_digital-image.png?impolicy=s-offers&imwidth=200,319cae7c-298e-4aac-b4ea-f13d9f6bab0c
Jules Mumm Sekt,"versch. Sorten, je 0,75-l-Fl., (1 l = 5,32 €)",https://img.rewe-static.de/REWE_DORTMUND27_2026/3066045/2414900-94_digital-image.png?impolicy=s-offers&imwidth=200,f3d84436-aabf-40f9-b1de-d5d3783da65c
Francois Dulac Vin de France,"Blance trocken, je 1-l-Fl.",https://img.rewe-static.de/REWE_DORTMUND27_2026/4050282/2329570-56_digital-image.png?impolicy=s-offers&imwidth=200,b7983e32-85a1-4fc2-bdba-232b6b1b451f
Jack Daniel’s Tennessee Whiskey,"40% Vol., je 0,7-l-Fl., (1 l = 21,41 €)",https://img.rewe-static.de/REWE_DORTMUND27_2026/4676050/3229750-52_digital-image.png?impolicy=s-offers&imwidth=200,30baa3fb-3c1d-4780-9c00-044a4e20ddc6
Mederano de Freixenet oder Freixenet Mia Wein,"versch. Sorten, halbtrocken, je 0,75-l-Fl., (1 l = 3,99 €)",https://img.rewe-static.de/REWE_DORTMUND27_2026/7157703/1770850-69_digital-image.png?impolicy=s-offers&imwidth=200,0caba3b1-e5cb-40c7-834b-aeaeab965fdc
Valdo Valdobbiadene Prosecco,"je 0,75-l-Fl., (1 l = 10,65 €)",https://img.rewe-static.de/REWE_DORTMUND27_2026/8693960/25364124-19_digital-image.png?impolicy=s-offers&imwidth=200,7e532d83-d8ea-4b48-ab20-e9609b263762
Bombay Sapphire London Dry Gin,"40 % Vol., je 0,7-l-Fl., (1 l = 24,27 €)",https://img.rewe-static.de/REWE_DORTMUND27_2026/0581690/3295840-23_digital-image.png?impolicy=s-offers&imwidth=200,440609db-3893-49da-9bc1-59f8831230b1
Kahlua Coffee Liqueur,"16% Vol. oder Absolut Vodka 40 % Vol., je 0,7-l-Fl., (1 l = 15,70 €)",https://img.rewe-static.de/REWE_DORTMUND27_2026/8623196/34097220-13_digital-image.png?impolicy=s-offers&imwidth=200,f174384a-d9d9-457d-a43c-8f7f0aa77339
Lillet Rosé White Peach oder Berry,"10,3% Vol., je 3 x 0,2-l-Fl.-Pckg., (1 l = 11,65 €)",https://img.rewe-static.de/REWE_DORTMUND27_2026/8909149/38631191-22_digital-image.png?impolicy=s-offers&imwidth=200,8c669847-bd1e-4ad1-bd94-89f54e0afba0
Havana Club Cola oder Spezi,"koffeinhaltig, 10% Vol., je 0,33-l-Dose, (1 l = 6,03 €), zzgl. 0,25 € Pfand",https://img.rewe-static.de/REWE_DORTMUND27_2026/1992393/21476446-71_digital-image.png?impolicy=s-offers&imwidth=200,1cca5f8c-9839-466f-ab82-38eef0403ea8
Maybach Wein Alkoholfrei,"versch. Sorten, je 0,75-l-Fl., (1 l = 3,99 €)",https://img.rewe-static.de/REWE_DORTMUND27_2026/8615773/36128529-12_digital-image.png?impolicy=s-offers&imwidth=200,5cf474f4-73cf-47f0-9b53-b82353f60b0c
Baileys Chocolate Irish Cream Liqueur,"15,7% Vol., je 0,5-l-Fl., (1 l = 19,98 €)",https://img.rewe-static.de/REWE_DORTMUND27_2026/9898397/48271932-11_digital-image.png?impolicy=s-offers&imwidth=200,4e4eb616-4dc6-4541-aa1a-9a4bb5be6640
Kithara Ouzo,"37,5% Vol., je 0,7-l-Fl., (1 l = 8,56 €)",https://img.rewe-static.de/REWE_DORTMUND27_2026/8491584/32879900-24_digital-image.png?impolicy=s-offers&imwidth=200,b2d308c2-5163-4e3e-9c87-62a84e69a99f
Finish Ultimate Geschirrreinigertabs,"je 40-Tab-Pckg., (1 Tab = 0,17 €)",https://shop.rewe-static.de/content-offer-renderer/cdbfa05d8cbaa9b9a2b9cce8441fe85d144a2252/img/loyalty-icon.svg,5e924879-d634-4259-9000-a5bd98c89b1f
Pril Geschirrspülmittel,"Original, je 675-ml-Fl., (1 l = 2,06 €)",https://shop.rewe-static.de/content-offer-renderer/cdbfa05d8cbaa9b9a2b9cce8441fe85d144a2252/img/loyalty-icon.svg,ceaadafb-4337-4ea0-8acd-1232643dee39
Pril Geschirr­spülmittel,"Sensitive Aloe Vera, je 450-ml-Fl., (1 l = 3,09 €)",https://shop.rewe-static.de/content-offer-renderer/cdbfa05d8cbaa9b9a2b9cce8441fe85d144a2252/img/loyalty-icon.svg,d5f91c5c-c886-4a41-9108-7b2103872701
Finish Power Geschirrreinigertabs,"je 45-Tab-Pckg., (1 Tab = 0,16 €)",https://shop.rewe-static.de/content-offer-renderer/cdbfa05d8cbaa9b9a2b9cce8441fe85d144a2252/img/loyalty-icon.svg,15418f50-1cd7-4811-9fe6-ae0cf7c98018
WC Frisch Selbst Aktiv,"versch. Sorten, je 50-g-Pckg., (1 kg = 37,80 €)",https://img.rewe-static.de/REWE_DORTMUND27_2026/9450756/55178900-12_digital-image.png?impolicy=s-offers&imwidth=200,516f7aff-7346-488f-9ec6-b37d7249eab0
Meister Proper Ultra Power Spray,"Antibakteriell, je 800-ml-Fl., (1 l = 2,86 €)",https://img.rewe-static.de/REWE_DORTMUND27_2026/8867809/51616558-11_digital-image.png?impolicy=s-offers&imwidth=200,e88c7291-3369-4623-94b4-a99a8166eb34
oder Meister Proper Küchenspray,"je 800-ml-Fl., (1 l = 2,86 €)",https://img.rewe-static.de/REWE_DORTMUND27_2026/8010893/38606149-11_digital-image.png?impolicy=s-offers&imwidth=200,06c635a7-bca1-400e-860b-6838b8aca09e
Persil Universal Megaperls,"je 16-WL-Btl., (1 WL = 0,31 €)",https://img.rewe-static.de/REWE_DORTMUND27_2026/8993618/41239586-49_digital-image.png?impolicy=s-offers&imwidth=200,6c58f5a8-1971-428d-ab7c-10416b790d8e
Listerine Total Care Mundspülung,"versch. Sorten, je 500-ml-Fl., (1 l = 7,98 €)",https://img.rewe-static.de/REWE_DORTMUND27_2026/8931855/56552092-4_digital-image.png?impolicy=s-offers&imwidth=200,724e470c-f512-4180-8664-ab8fd9ac687f
Oral-B Aufsteckbürsten,"Pro Precision Clean, je 5-St.-Pckg.",https://img.rewe-static.de/REWE_DORTMUND27_2026/7683616/39595735-10_digital-image.png?impolicy=s-offers&imwidth=200,82fad4a0-c3bd-431b-8533-436889d29dba
Schauma Shampoo,"7 Kräuter, je 400-ml-Fl., (1 l = 4,23 €)",https://img.rewe-static.de/REWE_DORTMUND27_2026/2344123/35816348-20_digital-image.png?impolicy=s-offers&imwidth=200,f35f2010-f014-4097-9aff-4494569acd8f
Rexona Deospray,"versch. Sorten, je 150-ml-Dose, (1 l = 15,27 €)",https://img.rewe-static.de/REWE_DORTMUND27_2026/2043520/21791879-70_digital-image.png?impolicy=s-offers&imwidth=200,81871370-3b17-40cb-9725-867eafb443b4
Wellaflex Haarspray,"Fülle und Style, je 250-ml-Dose, (1 l = 9,96 €)",https://img.rewe-static.de/REWE_DORTMUND27_2026/7208742/36467727-22_digital-image.png?impolicy=s-offers&imwidth=200,63daae79-88a8-4554-b8b1-0e8afe2015e3
Carefree Slipeinlagen,"Cotton Feel Normal, je 56-St.-Pckg.",https://img.rewe-static.de/REWE_DORTMUND27_2026/7792502/43424964-16_digital-image.png?impolicy=s-offers&imwidth=200,3f742698-466a-4fe2-bed5-16e4c9c0c42a
Bübchen Shampoo & Duschgel,"versch. Sorten, je 230-ml-Fl., (1 l = 6,48 €)",https://img.rewe-static.de/REWE_DORTMUND27_2026/8796363/37347292-5_digital-image.png?impolicy=s-offers&imwidth=200,5b9a6fbf-8000-41b3-828a-0fb8b7ccafc1
Freche Freunde Fruchtchips,"Erdbeer, je 12-g-Pckg., (1 kg = 149,17 €)",https://img.rewe-static.de/REWE_DORTMUND27_2026/2388398/24940090-536_digital-image.png?impolicy=s-offers&imwidth=200,2bbe3650-9769-4bcc-8a1f-9b48f27665fa
Doppelherz Magnesium 400,"15 Brausetabletten, je 97,5-g-Röhrchen, (1 kg = 20,41 €)",https://img.rewe-static.de/REWE_DORTMUND27_2026/0743480/21037086-44_digital-image.png?impolicy=s-offers&imwidth=200,c91c45da-e317-452a-9c31-c25741148dd9
Schwarzkopf Gliss Kur Shampoo Total Repair,"je 250-ml-Fl., (1 l = 9,96 €)",https://img.rewe-static.de/REWE_DORTMUND27_2026/7206982/27592183-36_digital-image.png?impolicy=s-offers&imwidth=200,0ee9fabc-6b2e-405d-8788-9d514188206d
Kneipp Pflegedusche,"Lebensfreude, je 200-ml-Tube, (1 l = 12,45 €)",https://shop.rewe-static.de/content-offer-renderer/cdbfa05d8cbaa9b9a2b9cce8441fe85d144a2252/img/loyalty-icon.svg,d6c7436d-8659-4b3d-99f3-76e1344acd83
Persil Colorwaschmittel Kraft Gel,"je 20-WL-Fl., (1 WL = 0,25 €)",https://img.rewe-static.de/REWE_DORTMUND27_2026/8986220/41365493-90_digital-image.png?impolicy=s-offers&imwidth=200,33946143-121d-447a-a786-453671dc59ef
Odol-med 3 Zahncreme,"Original, je 125-ml-Tube, (1 l = 11,12 €)",https://img.rewe-static.de/REWE_DORTMUND27_2026/7991177/55801830-10_digital-image.png?impolicy=s-offers&imwidth=200,659fa262-deb5-4442-b68a-34eb6fad5204
Odol Med 3 Mundspülung,"Antibakteriel, je 500-ml-Fl., (1 l = 5,58 €)",https://img.rewe-static.de/REWE_DORTMUND27_2026/8482625/31885922-33_digital-image.png?impolicy=s-offers&imwidth=200,5c714073-b04e-47a9-9e1d-2f943d9b826a
Dr. Best Zwischenzahn Zahnbürste,"Mittel, je 1-St.-Pckg.",https://img.rewe-static.de/REWE_DORTMUND27_2026/8608381/33383336-26_digital-image.png?impolicy=s-offers&imwidth=200,2cc049c5-94e0-47e0-93ff-b10d66ca4a3a
Carefree Slipeinlagen,"Plus Long, je 40-St.-Pckg.",https://img.rewe-static.de/REWE_DORTMUND27_2026/7793369/36637194-60_digital-image.png?impolicy=s-offers&imwidth=200,2c417a21-79c5-4433-80c8-73a04a7d4837
Freche Freunde Fruchtriegel,"Banane, rote Traube & Aronia, je 4 x 23-g-Pckg., (1 kg = 19,46 €)",https://img.rewe-static.de/REWE_DORTMUND27_2026/9565589/52172361-9_digital-image.png?impolicy=s-offers&imwidth=200,6f10d931-e545-4c20-9f83-c713845183a4
Tena Discreet Ultra Einlagen,"Normal, je 16-St.-Pckg.",https://img.rewe-static.de/REWE_DORTMUND27_2026/8840795/36796488-69_digital-image.png?impolicy=s-offers&imwidth=200,0f13a7b2-dc39-42b9-8d37-9a9a07faa08d
REWE Bio pflanzlich Streichcreme,"Paprika, Tomate, Zucchini & Aubergine, je 180-g-Glas, (1 kg = 5,50 €)",https://img.rewe-static.de/REWE_DORTMUND27_2026/2745086/27257771-71_digital-image.png?impolicy=s-offers&imwidth=200,543ce4db-0cad-4a94-91d2-f1e91f101083
Doppelherz Magnesium+ Kalium Sport,"15 Brausetabletten, je 99-g-Röhrchen, (1 kg = 20,10 €)",https://img.rewe-static.de/REWE_DORTMUND27_2026/0957972/23714199-18_digital-image.png?impolicy=s-offers&imwidth=200,30559a36-d21f-4bba-9b48-90809a2a960f
Tena Discreet Einlagen,"Extra, je 10-St.-Pckg.",https://img.rewe-static.de/REWE_DORTMUND27_2026/8063113/47270269-19_digital-image.png?impolicy=s-offers&imwidth=200,1622d410-5868-4cf9-9f30-8d9ca03572d9
Nivea Pflegedusche oder Duschgel,"versch. Sorten, je 2 x 250-ml-Pckg., (1 l = 6,98 €)",https://img.rewe-static.de/REWE_DORTMUND27_2026/8751446/38122163-41_digital-image.png?impolicy=s-offers&imwidth=200,016e474a-db80-44f3-9f6e-3c39a078880f
Hipp Hippis Fruchtquetschen,"versch. Sorten, je 100-g-Btl., (1 kg = 8,90 €)",https://img.rewe-static.de/REWE_DORTMUND27_2026/3246436/26439972-391_digital-image.png?impolicy=s-offers&imwidth=200,bf455c62-e208-4bdc-a2c0-6a3178e7e471
Felix Katzennahrung,"versch. Sorten, je 12 x 85-g-Multipckg., (1 kg = 3,91 €)",https://img.rewe-static.de/REWE_DORTMUND27_2026/8068403/29881510-37_digital-image.png?impolicy=s-offers&imwidth=200,e25e175d-2c38-455e-80c0-3ed2ea547237
Pedigree Hundenahrung,"versch. Sorten, je 800-g-Dose, (1 kg = 3,11 €)",https://img.rewe-static.de/REWE_DORTMUND27_2026/1302549/17744290-188_digital-image.png?impolicy=s-offers&imwidth=200,77ff4b9c-df1d-41d0-9992-d6fac656a801
Felix Knabbermix,"versch. Sorten, je 60-g-Btl., (1 kg = 16,50 €)",https://img.rewe-static.de/REWE_DORTMUND27_2026/1281337/16376260-46_digital-image.png?impolicy=s-offers&imwidth=200,b7ea165e-7e9a-4f1b-b270-2a6e8921042d
Purina One High Protein Katzennahrung,"Huhn, je 650-g-Btl., (1 kg = 4,60 €)",https://img.rewe-static.de/REWE_DORTMUND27_2026/9461921/55491129-9_digital-image.png?impolicy=s-offers&imwidth=200,6c1f4225-6791-4db3-ad8a-629e87ebf7d1
Purina One Katzentrocken­nahrung,"Huhn und Vollkorn, je 750-g-Btl., (1 kg = 3,99 €)",https://img.rewe-static.de/REWE_DORTMUND27_2026/7735721/37167657-31_digital-image.png?impolicy=s-offers&imwidth=200,a952e002-f8cf-4186-88bb-80e77db34ce2
Fairtrade Rosen »Duo« oder »Jahreszeiten«,"versch. Farben, mit Schnittblumen­nahrung, je 1-Strauß",https://img.rewe-static.de/REWE_DORTMUND27_2026/7203891/27848943-21_digital-image.png?impolicy=s-offers&imwidth=200,f21eebd0-37f2-43e7-8997-a62983956074
Hortensie oder REWE Beste Wahl Dahlie XL,"versch. Farben, je 1-Topf",https://img.rewe-static.de/REWE_DORTMUND27_2026/9506800/55436208-15_digital-image.png?impolicy=s-offers&imwidth=200,ee925183-d31b-4ca0-aefc-ce60b71f68d0
Tischorchidee,"versch. Farben, je 1-Topf",https://img.rewe-static.de/REWE_DORTMUND27_2026/7633577/50118262-14_digital-image.png?impolicy=s-offers&imwidth=200,7a927510-51cd-4964-a583-44a44d4c08af
Grünpflanze,"versch. Sorten, in dekorativem Übertopf, je 1-Topf",https://img.rewe-static.de/REWE_DORTMUND27_2026/7321196/55435857-27_digital-image.png?impolicy=s-offers&imwidth=200,8159a1e3-9f21-4471-a2e2-caaeceb8d808
Lavendel,"im »Six-Pack«, perfekt für die Beetbepflanzung, je 6er-Tray",https://img.rewe-static.de/REWE_DORTMUND27_2026/1828762/29180717-10_digital-image.png?impolicy=s-offers&imwidth=200,2ea3e0c3-dc1c-44a2-a3a0-3bf0e0df271a
Staude »Bauerngarten«,"versch. Sorten, je 1-Topf",https://img.rewe-static.de/REWE_DORTMUND27_2026/9894094/49304236-15_digital-image.png?impolicy=s-offers&imwidth=200,e3e709d9-6c9d-40ec-afdf-d862a4999d74
